id,name
1,AARON
2,ABIGAIL
3,ABRAHAM
4,ADA
5,ADALBERT
6,ADAM
7,ADEL
8,ADELA
9,ADELAIDA
10,ADELE
11,ADELHEID
12,ADELHEIDA
13,ADELINA
14,ADEM
15,ADÉL
16,ADÉLA
17,ADHAM
18,ADI
19,ADINA
20,ADLÉTA
21,ADNAN
22,ADOLF
23,ADOLFA
24,ADOLFINA
25,ADOLFÍNA
26,ADRIA
27,ADRIAN
28,ADRIANA
29,ADRIANNA
30,ADRIANO
31,ADRIÁN
32,ADRIÁNA
33,ADRIEN
34,ADRIENA
35,ADRIENNA
36,AGATA
37,AGATHA
38,AGÁTA
39,AGNES
40,AGNESA
41,AGNEŠA
42,AGNIESZKA
43,AHMAD
44,AHMED
45,AIDA
46,AILEEN
47,AISHA
48,AIŠA
49,AJA
50,AKIM
51,AKRAM
52,ALADAR
53,ALADÁR
54,ALAIN
55,ALAN
56,ALBA
57,ALBERT
58,ALBERTA
59,ALBERTINA
60,ALBERTO
61,ALBIN
62,ALBINA
63,ALBÍN
64,ALBÍNA
65,ALDO
66,ALEC
67,ALEJANDRO
68,ALEKOS
69,ALEKSA
70,ALEKSANDAR
71,ALEKSANDR
72,ALEKSANDRA
73,ALEKSEJ
74,ALEN
75,ALENA
76,ALENKA
77,ALESSANDRA
78,ALESSANDRO
79,ALESSIA
80,ALESSIO
81,ALEŠ
82,ALEŠKA
83,ALEX
84,ALEXA
85,ALEXANDER
86,ALEXANDR
87,ALEXANDRA
88,ALEXANDRE
89,ALEXANDROS
90,ALEXANDRU
91,ALEXEJ
92,ALEXIA
93,ALEXIS
94,ALEXIUS
95,ALFONS
96,ALFONZ
97,ALFRED
98,ALFREDA
99,ALFRÉD
100,ALI
101,ALIA
102,ALICA
103,ALICE
104,ALICIA
105,ALICJA
106,ALINA
107,ALISA
108,ALISON
109,ALJONA
110,ALLA
111,ALLAN
112,ALLISON
113,ALMA
114,ALOIS
115,ALOISIA
116,ALOISIE
117,ALOJZ
118,ALOJZIA
119,ALON
120,ALVIN
121,ALŽBETA
122,ALŽBĚTA
123,AMAL
124,AMALIA
125,AMALIE
126,AMANDA
127,AMAR
128,AMÁLIA
129,AMÁLIE
130,AMÁLKA
131,AMÁTA
132,AMBROŽ
133,AMELIA
134,AMELIE
135,AMER
136,AMÉLIA
137,AMÉLIE
138,AMIN
139,AMINA
140,AMINE
141,AMIR
142,AMIRA
143,AMIT
144,AMÍR
145,AMMAR
146,AMOS
147,AMY
148,ANA
149,ANABEL
150,ANABELA
151,ANAS
152,ANASTASIA
153,ANASTASIE
154,ANASTASIJA
155,ANASTASIOS
156,ANASTAZIA
157,ANASTAZIE
158,ANASTÁSIE
159,ANASTÁZIA
160,ANASTÁZIE
161,ANAT
162,ANATOL
163,ANATOLIJ
164,ANDĚLA
165,ANDĚLÍN
166,ANDĚLÍNA
167,ANDĚLKA
168,ANDRÁS
169,ANDRE
170,ANDREA
171,ANDREAS
172,ANDREI
173,ANDREJ
174,ANDRES
175,ANDREW
176,ANDRÉ
177,ANDRÉS
178,ANDRIANA
179,ANDRIJ
180,ANDRIJA
181,ANDRZEJ
182,ANDY
183,ANELI
184,ANET
185,ANETA
186,ANETT
187,ANETTA
188,ANETTE
189,ANEŽKA
190,ANGEL
191,ANGELA
192,ANGELICA
193,ANGELIKA
194,ANGELINA
195,ANGELÍNA
196,ANGELO
197,ANH
198,ANHELINA
199,ANI
200,ANIČKA
201,ANIELA
202,ANIKA
203,ANIKÓ
204,ANISA
205,ANISSA
206,ANITA
207,ANJA
208,ANN
209,ANNA
210,ANNA-MARIA
211,ANNA-MARIE
212,ANNABEL
213,ANNABELLA
214,ANNABELLE
215,ANNALIESE
216,ANNAMARIA
217,ANNAMARIE
218,ANNAMÁRIA
219,ANNE
220,ANNE-MARIA
221,ANNE-MARIE
222,ANNELI
223,ANNELIE
224,ANNELIES
225,ANNELIESE
226,ANNEMARI
227,ANNEMARIE
228,ANNETA
229,ANNETTE
230,ANNIE
231,ANNIKA
232,ANNY
233,ANOUK
234,ANSELMA
235,ANTHONY
236,ANTOINE
237,ANTOINETTE
238,ANTON
239,ANTONI
240,ANTONIA
241,ANTONIE
242,ANTONIN
243,ANTONINA
244,ANTONIO
245,ANTONIOS
246,ANTONIS
247,ANTONÍN
248,ANTONÍNA
249,ANTONY
250,ANTÓNIA
251,ANUŠE
252,ANUŠKA
253,ANŽELA
254,ANŽELIKA
255,APOLENA
256,APOLONIA
257,APOLONIE
258,APOLÓNIA
259,ARAM
260,ARANA
261,ARANKA
262,ARBEN
263,ARDIAN
264,ARI
265,ARIADNA
266,ARIAN
267,ARIANA
268,ARIANNA
269,ARIEL
270,ARIELA
271,ARINA
272,ARIS
273,ARLETA
274,ARLETTE
275,ARMAN
276,ARMAND
277,ARMANDO
278,ARMANI
279,ARMEN
280,ARMIN
281,ARMINE
282,ARNA
283,ARNE
284,ARNO
285,ARNOLD
286,ARNOŠT
287,ARNOŠTA
288,ARNOŠTKA
289,ARON
290,ARPÁD
291,ARSEN
292,ARTEM
293,ARTEMIS
294,ARTHUR
295,ARTUR
296,ARTUŠ
297,ARŤOM
298,ASEN
299,ASHLEY
300,ASJA
301,ASTRID
302,ASTRIDA
303,AŠOT
304,ATANAS
305,ATANASIOS
306,ATHANASIOS
307,ATHINA
308,ATILA
309,ATINA
310,ATTILA
311,AUDREY
312,AUGUST
313,AUGUSTA
314,AUGUSTIN
315,AUGUSTINA
316,AUGUSTÍN
317,AUGUSTÍNA
318,AUGUSTÝN
319,AUREL
320,AURELIA
321,AURELIE
322,AURÉLIA
323,AURÉLIE
324,AURORA
325,AUSTIN
326,AVA
327,AXEL
328,AYA
329,AYLA
330,AYLIN
331,AZIZ
332,AZRA
333,ÁGNES
334,ÁRON
335,ÁRPÁD
336,BABETA
337,BALTAZAR
338,BARBARA
339,BARBORA
340,BARNABÁŠ
341,BART
342,BARTOLOMEJ
343,BARTOLOMĚJ
344,BARUNKA
345,BASTIAN
346,BASTIEN
347,BÁRA
348,BEA
349,BEATA
350,BEATE
351,BEATRICE
352,BEATRIS
353,BEATRIX
354,BEATRIZ
355,BEÁTA
356,BEDŘICH
357,BEDŘICHA
358,BEDŘIŠKA
359,BELA
360,BELINDA
361,BELLA
362,BELO
363,BEN
364,BENEDIKT
365,BENEDIKTA
366,BENJAMIN
367,BENJAMÍN
368,BENNO
369,BENNY
370,BENO
371,BERENIKA
372,BERNADETA
373,BERNADETTA
374,BERNARD
375,BERNARDA
376,BERNARDETA
377,BERNARDINA
378,BERNARDÍNA
379,BERNHARD
380,BERT
381,BERTA
382,BERTHOLD
383,BETTY
384,BÉLA
385,BĚLA
386,BĚLUŠE
387,BĚTA
388,BĚTUŠKA
389,BIANCA
390,BIANKA
391,BIBIANA
392,BIBIÁNA
393,BINH
394,BIRGIT
395,BIVOJ
396,BLAHOMIL
397,BLAHOMÍR
398,BLAHOMÍRA
399,BLAHOSLAV
400,BLAHOSLAVA
401,BLANKA
402,BLAŽEJ
403,BLAŽENA
404,BLAŽENKA
405,BOGDAN
406,BOHDAN
407,BOHDANA
408,BOHDANKA
409,BOHOUŠ
410,BOHUMIL
411,BOHUMILA
412,BOHUMÍR
413,BOHUMÍRA
414,BOHUNA
415,BOHUNKA
416,BOHUSLAV
417,BOHUSLAVA
418,BOHUŠ
419,BOHUŠE
420,BOHUŠKA
421,BOJAN
422,BOJANA
423,BOLESLAV
424,BOLESLAVA
425,BONIFÁC
426,BOREK
427,BORIS
428,BORISLAV
429,BOŘEK
430,BOŘISLAV
431,BOŘIVOJ
432,BOŘÍK
433,BOŽEK
434,BOŽENA
435,BOŽENKA
436,BOŽETĚCH
437,BOŽIDAR
438,BOŽISLAV
439,BOŽÍK
440,BRANDON
441,BRANISLAV
442,BRANISLAVA
443,BRANKO
444,BRENDA
445,BRIAN
446,BRIGITA
447,BRIGITTA
448,BRIGITTE
449,BRONĚK
450,BRONISLAV
451,BRONISLAVA
452,BRONISŁAW
453,BROŇA
454,BRUNHILDA
455,BRUNO
456,BRYAN
457,BŘETISLAV
458,BŘETISLAVA
459,CAMILLA
460,CAMILLE
461,CARINE
462,CARLA
463,CARLO
464,CARLOS
465,CARMEN
466,CAROL
467,CAROLA
468,CAROLIN
469,CAROLINA
470,CAROLINE
471,CAROLYN
472,CATERINA
473,CATHERINE
474,CECILIA
475,CECILIE
476,CECÍLIA
477,CECÍLIE
478,CECYLIA
479,CEDRIK
480,CELESTIN
481,CELESTINA
482,CELESTÝN
483,CELESTÝNA
484,CELINA
485,CELINE
486,CINDY
487,CLAIRE
488,CLARA
489,CLAUDIA
490,CLAUDIE
491,CLAUDIO
492,COLETTE
493,COLIN
494,CORNELIA
495,CORRADO
496,CRISTIAN
497,CRISTIANO
498,CRISTINA
499,CSABA
500,CTIBOR
501,CTIRAD
502,CTIRADA
503,CTISLAV
504,CUONG
505,CYNTHIA
506,CYNTIE
507,CYPRIÁN
508,CYRIL
509,CYRILA
510,CYRILKA
511,CYRILL
512,CZESLAW
513,CZESŁAW
514,ČENĚK
515,ČEŇKA
516,ČESLAV
517,ČESLAVA
518,ČESTMÍR
519,ČESTMÍRA
520,DAG
521,DAGMAR
522,DAGMARA
523,DAISY
524,DAJANA
525,DAJÁNA
526,DALENA
527,DALIA
528,DALIBOR
529,DALIBORA
530,DALILA
531,DALIMIL
532,DALIMILA
533,DAMARIS
534,DAMIAN
535,DAMIANO
536,DAMIÁN
537,DAMIEN
538,DAMIR
539,DAN
540,DANA
541,DANEŠ
542,DANI
543,DANICA
544,DANIEL
545,DANIELA
546,DANIELE
547,DANIELLA
548,DANIELLE
549,DANIIL
550,DANIJELA
551,DANIKA
552,DANILO
553,DANISLAVA
554,DANKA
555,DANNY
556,DANTE
557,DANUŠ
558,DANUŠA
559,DANUŠE
560,DANUŠKA
561,DANUTA
562,DANY
563,DAŇA
564,DARA
565,DAREK
566,DARIA
567,DARIE
568,DARIEN
569,DARIJA
570,DARINA
571,DARINKA
572,DARIO
573,DARIUS
574,DARIUSZ
575,DARJA
576,DARKO
577,DARUŠKA
578,DAŠA
579,DAŠENKA
580,DAVID
581,DAVIDE
582,DAWID
583,DÁRIUS
584,DÁŠA
585,DÁŠENKA
586,DÁVID
587,DEAN
588,DEANA
589,DEBORA
590,DEBORAH
591,DEJAN
592,DEMETER
593,DEMI
594,DENI
595,DENIEL
596,DENIS
597,DENISA
598,DENISE
599,DENIZ
600,DENNIS
601,DENNY
602,DENY
603,DENYS
604,DEREK
605,DESIDER
606,DESPINA
607,DEZIDER
608,DĚTMAR
609,DĚTŘICH
610,DIANA
611,DIEGO
612,DIETER
613,DIETMAR
614,DIJANA
615,DIMITAR
616,DIMITR
617,DIMITRA
618,DIMITRI
619,DIMITRIJ
620,DIMITRIOS
621,DIMITRIS
622,DINA
623,DINO
624,DIONÝZ
625,DITA
626,DITMAR
627,DITTA
628,DIVIŠ
629,DJORDJE
630,DMITRIJ
631,DMYTRO
632,DOBROMIL
633,DOBROMILA
634,DOBROMÍR
635,DOBROSLAV
636,DOBROSLAVA
637,DOBRUŠE
638,DOBRUŠKA
639,DOLORES
640,DOMENICO
641,DOMINIC
642,DOMINICA
643,DOMINICK
644,DOMINIK
645,DOMINIKA
646,DOMINIQUE
647,DONIKA
648,DONKA
649,DORA
650,DORIAN
651,DORIEN
652,DORIS
653,DORIT
654,DORKA
655,DORON
656,DOROTA
657,DOROTEA
658,DOROTHEA
659,DOROTHY
660,DOROTKA
661,DOUBRAVKA
662,DRAGA
663,DRAGAN
664,DRAGANA
665,DRAGICA
666,DRAGUTIN
667,DRAHOMIL
668,DRAHOMILA
669,DRAHOMÍR
670,DRAHOMÍRA
671,DRAHOSLAV
672,DRAHOSLAVA
673,DRAHOŠ
674,DRAHUŠA
675,DRAHUŠE
676,DRAHUŠKA
677,DUC
678,DUMITRU
679,DUNG
680,DUONG
681,DUŠAN
682,DUŠANA
683,DYLAN
684,DŽAMILA
685,EDA
686,EDDA
687,EDDIE
688,EDELTRAUD
689,EDELTRAUDA
690,EDELTRAUT
691,EDELTRUDA
692,EDGAR
693,EDINA
694,EDIT
695,EDITA
696,EDITH
697,EDITHA
698,EDMOND
699,EDMUND
700,EDUARD
701,EDUARDA
702,EDUARDO
703,EDVARD
704,EDVIN
705,EDVÍN
706,EDWARD
707,EDWIN
708,EGON
709,EILEEN
710,EKATERINA
711,EKATERINI
712,ELA
713,ELEANOR
714,ELEFTERIA
715,ELEMÉR
716,ELEMÍR
717,ELEN
718,ELENA
719,ELENI
720,ELENKA
721,ELEONOR
722,ELEONORA
723,ELEONÓRA
724,ELFRIDA
725,ELFRIEDA
726,ELFRIEDE
727,ELFRÍDA
728,ELI
729,ELIA
730,ELIANA
731,ELIAS
732,ELIÁŠ
733,ELIF
734,ELIN
735,ELINA
736,ELINOR
737,ELIOT
738,ELIS
739,ELISA
740,ELISABET
741,ELISABETA
742,ELISABETH
743,ELISABETTA
744,ELISAVET
745,ELISE
746,ELISHKA
747,ELISSA
748,ELIŠKA
749,ELIZA
750,ELIZABET
751,ELIZABETA
752,ELIZABETH
753,ELIZAVETA
754,ELKA
755,ELKE
756,ELLA
757,ELLEN
758,ELLENA
759,ELLI
760,ELLIE
761,ELLIOT
762,ELLY
763,ELMAR
764,ELSA
765,ELVIRA
766,ELVIS
767,ELVÍRA
768,ELZA
769,ELZBIETA
770,ELŽBIETA
771,ELŻBIETA
772,EMA
773,EMAN
774,EMANUEL
775,EMANUELA
776,EMERICH
777,EMIL
778,EMILA
779,EMILI
780,EMILIA
781,EMILIAN
782,EMILIÁN
783,EMILIE
784,EMILIO
785,EMILLY
786,EMILY
787,EMIR
788,EMÍLIA
789,EMÍLIE
790,EMMA
791,EMMANUEL
792,EMMY
793,ENGELBERT
794,ENNIE
795,ENNY
796,ENRICO
797,ENRIQUE
798,ENZO
799,ERAN
800,ERHARD
801,ERIC
802,ERICA
803,ERICH
804,ERIK
805,ERIKA
806,ERIN
807,ERNA
808,ERNEST
809,ERNESTINA
810,ERNESTINE
811,ERNESTÍNA
812,ERNESTO
813,ERNST
814,ERVIN
815,ERVÍN
816,ERVÍNA
817,ERWIN
818,ERŽIKA
819,ESMERALDA
820,ESTEL
821,ESTELLE
822,ESTER
823,ESTERA
824,ESTHER
825,ETEL
826,ETELA
827,ETELKA
828,ETHEL
829,EUGEN
830,EUGENIA
831,EUGENIE
832,EUGENIUSZ
833,EUNIKA
834,EUSTACH
835,EVA
836,EVALD
837,EVANGELIA
838,EVANGELOS
839,EVELIN
840,EVELINA
841,EVELINE
842,EVELÍNA
843,EVELYN
844,EVELYNA
845,EVIČKA
846,EVŽEN
847,EVŽENA
848,EVŽENIE
849,EVŽENKA
850,EWA
851,EWALD
852,EYAL
853,EZRA
854,FABIAN
855,FABIÁN
856,FABIEN
857,FABIENNE
858,FABIO
859,FABRICIO
860,FABRIZIO
861,FADI
862,FAISAL
863,FANNY
864,FARES
865,FARID
866,FARIS
867,FATIMA
868,FEDERICA
869,FEDERICO
870,FEDOR
871,FELICIE
872,FELICITA
873,FELICITAS
874,FELIPE
875,FELIX
876,FERDINAND
877,FERNANDO
878,FÉLIX
879,FILIP
880,FILIPA
881,FILIPE
882,FILIPP
883,FILIPPO
884,FILIPPOS
885,FILOMENA
886,FILOMÉNA
887,FINN
888,FIONA
889,FLORA
890,FLORENCE
891,FLORENTINA
892,FLORIAN
893,FLORIÁN
894,FLÓRA
895,FOTINI
896,FOTIS
897,FRANCES
898,FRANCESCA
899,FRANCESCO
900,FRANCIS
901,FRANCISCO
902,FRANCISKA
903,FRANCISZEK
904,FRANCO
905,FRANK
906,FRANKO
907,FRANTIŠEK
908,FRANTIŠKA
909,FRANZ
910,FRANZISKA
911,FRED
912,FREDERIC
913,FREDERICK
914,FREDERIK
915,FREDERIKA
916,FREYA
917,FRIDA
918,FRIDOLÍN
919,FRIDRICH
920,FRIEDA
921,FRÍDA
922,GABRIEL
923,GABRIELA
924,GABRIELE
925,GABRIELLA
926,GABRIELLE
927,GAIA
928,GAJANE
929,GAL
930,GALINA
931,GARY
932,GAŠPAR
933,GÁBINA
934,GÁBOR
935,GEDEON
936,GEJZA
937,GENADIJ
938,GENNADIJ
939,GENOVEFA
940,GENOVEVA
941,GENOVÉVA
942,GENOWEFA
943,GEORG
944,GEORGE
945,GEORGES
946,GEORGI
947,GEORGIA
948,GEORGIJ
949,GEORGINA
950,GEORGIOS
951,GEORGIS
952,GERALD
953,GERARD
954,GERD
955,GERDA
956,GERHARD
957,GERHART
958,GERLINDA
959,GERLINDE
960,GERMAN
961,GEROLD
962,GERT
963,GERTA
964,GERTRAUD
965,GERTRUD
966,GERTRUDA
967,GERTRUDE
968,GERTRÚDA
969,GEVORG
970,GÉZA
971,GHEORGHE
972,GIACOMO
973,GIANLUCA
974,GIANNI
975,GIL
976,GILBERT
977,GINA
978,GINO
979,GINTER
980,GIORGIA
981,GIORGIO
982,GIOVANNA
983,GIOVANNI
984,GISELA
985,GITA
986,GITTA
987,GIULIA
988,GIULIANO
989,GIULIO
990,GIUSEPPE
991,GIZELA
992,GIZELLA
993,GLEB
994,GLORIA
995,GLORIE
996,GOČE
997,GORAN
998,GORDANA
999,GRACE
1000,GRACIELA
1001,GRAZYNA
1002,GRAŽYNA
1003,GRAŻYNA
1004,GREGOR
1005,GREGORY
1006,GRETA
1007,GRÉTA
1008,GRIGORIJ
1009,GRZEGORZ
1010,GUDRUN
1011,GUILLERMO
1012,GUSTA
1013,GUSTAV
1014,GUSTAVA
1015,GUSTÁV
1016,GUY
1017,GÜNTER
1018,GÜNTHER
1019,GŰNTER
1020,GŰNTHER
1021,HA
1022,HAI
1023,HAJNALKA
1024,HAKIM
1025,HALINA
1026,HALKA
1027,HALYNA
1028,HAMZA
1029,HANA
1030,HANAN
1031,HANELORE
1032,HANG
1033,HANI
1034,HANIČKA
1035,HANKA
1036,HANNA
1037,HANNAH
1038,HANNELORA
1039,HANNELORE
1040,HANS
1041,HANUŠ
1042,HARALD
1043,HARIS
1044,HAROLD
1045,HARRY
1046,HASAN
1047,HASMIK
1048,HASSAN
1049,HAVEL
1050,HÁTA
1051,HEDA
1052,HEDVIGA
1053,HEDVIKA
1054,HEIDE
1055,HEIDELINDE
1056,HEIDEMARIE
1057,HEIDI
1058,HEIDRUN
1059,HEINRICH
1060,HEINZ
1061,HELA
1062,HELEN
1063,HELENA
1064,HELENE
1065,HELENKA
1066,HELGA
1067,HELLA
1068,HELMA
1069,HELMUT
1070,HELMUTH
1071,HENRI
1072,HENRIETA
1073,HENRIETTA
1074,HENRICH
1075,HENRIK
1076,HENRY
1077,HENRYK
1078,HENRYKA
1079,HERBERT
1080,HERIBERT
1081,HERMA
1082,HERMAN
1083,HERMANN
1084,HERMINA
1085,HERMÍNA
1086,HERTA
1087,HEŘMAN
1088,HIEN
1089,HIEU
1090,HILA
1091,HILDA
1092,HILDEGARD
1093,HILDEGARDA
1094,HILDEGARDE
1095,HOANG
1096,HORÁC
1097,HORST
1098,HORYMÍR
1099,HUBERT
1100,HUGO
1101,HUNG
1102,HUONG
1103,HUY
1104,HUYEN
1105,HVĚZDOSLAV
1106,HVĚZDOSLAVA
1107,HYNEK
1108,CHANEL
1109,CHANTAL
1110,CHARALAMBOS
1111,CHARIS
1112,CHARLES
1113,CHARLIE
1114,CHARLOTA
1115,CHARLOTTA
1116,CHARLOTTE
1117,CHELSEA
1118,CHIARA
1119,CHLOE
1120,CHLOÉ
1121,CHRIS
1122,CHRISTA
1123,CHRISTEL
1124,CHRISTIAN
1125,CHRISTIANA
1126,CHRISTIANE
1127,CHRISTIÁN
1128,CHRISTINA
1129,CHRISTINE
1130,CHRISTO
1131,CHRISTOPH
1132,CHRISTOPHE
1133,CHRISTOPHER
1134,CHRISTOS
1135,CHRISULA
1136,CHRUDOŠ
1137,CHRYSTYNA
1138,IAN
1139,IBOJA
1140,IBOLYA
1141,IBRAHIM
1142,IDA
1143,IDO
1144,IGNÁC
1145,IGOR
1146,IHOR
1147,ILDIKO
1148,ILDIKÓ
1149,ILEANA
1150,ILENA
1151,ILIAS
1152,ILIJA
1153,ILJA
1154,ILJANA
1155,ILJIČ
1156,ILKA
1157,ILKO
1158,ILLONA
1159,ILONA
1160,ILONKA
1161,ILSA
1162,ILSE
1163,IMAD
1164,IMAN
1165,IMMANUEL
1166,IMRE
1167,IMRICH
1168,INA
1169,INES
1170,INESA
1171,INESSA
1172,INEZ
1173,INÉS
1174,INÉZ
1175,INGA
1176,INGE
1177,INGEBORG
1178,INGEBORGA
1179,INGEBURG
1180,INGRID
1181,INGRIDA
1182,INKA
1183,INNA
1184,INOCENC
1185,IOAN
1186,IOANNA
1187,IOANNIS
1188,ION
1189,IOSIF
1190,IRAIDA
1191,IRČA
1192,IRENA
1193,IRENE
1194,IRENKA
1195,IRÉNA
1196,IRINA
1197,IRINI
1198,IRIS
1199,IRMA
1200,IRMGARD
1201,IRMGARDA
1202,IRMTRAUD
1203,IRYNA
1204,ISA
1205,ISABEL
1206,ISABELA
1207,ISABELL
1208,ISABELLA
1209,ISABELLE
1210,ISIDOR
1211,ISMAEL
1212,ISMAIL
1213,ISOLDA
1214,ISOLDE
1215,ISTVÁN
1216,ITA
1217,ITAMAR
1218,IVA
1219,IVAN
1220,IVANA
1221,IVANKA
1222,IVANNA
1223,IVAR
1224,IVÁNKA
1225,IVETA
1226,IVETTA
1227,IVICA
1228,IVO
1229,IVONA
1230,IVONKA
1231,IVONNA
1232,IVONNE
1233,IVOR
1234,IVOŠ
1235,IVUŠE
1236,IVUŠKA
1237,IWONA
1238,IZABEL
1239,IZABELA
1240,IZABELLA
1241,IZIDOR
1242,JACEK
1243,JACK
1244,JACOB
1245,JACOPO
1246,JACQUELINE
1247,JADRANKA
1248,JADVIGA
1249,JADWIGA
1250,JAKE
1251,JAKOB
1252,JAKUB
1253,JAMAL
1254,JAMES
1255,JAMIE
1256,JAN
1257,JAN-JAKUB
1258,JANA
1259,JANE
1260,JANEK
1261,JANET
1262,JANETA
1263,JANETTA
1264,JANETTE
1265,JANIČKA
1266,JANIKA
1267,JANINA
1268,JANINE
1269,JANIS
1270,JANKA
1271,JANKO
1272,JANNA
1273,JANNIS
1274,JANULA
1275,JANUSZ
1276,JANUŠ
1277,JANUŠE
1278,JARA
1279,JARKA
1280,JARMIL
1281,JARMILA
1282,JARMILKA
1283,JAROLÍM
1284,JAROMIL
1285,JAROMILA
1286,JAROMÍR
1287,JAROMÍRA
1288,JAROSLAV
1289,JAROSLAVA
1290,JAROŠ
1291,JARUŠE
1292,JARUŠKA
1293,JASMIN
1294,JASMINA
1295,JASMINE
1296,JASMÍNA
1297,JASNA
1298,JASNĚNA
1299,JASNUŠKA
1300,JASON
1301,JASOŇ
1302,JAVIER
1303,JÁCHYM
1304,JÁN
1305,JÁNOS
1306,JEAN
1307,JEANETA
1308,JEANETTA
1309,JEANETTE
1310,JEANNE
1311,JEANNETTE
1312,JEGOR
1313,JEKATERINA
1314,JEKATĚRINA
1315,JELA
1316,JELENA
1317,JELENKA
1318,JELIZAVETA
1319,JENA
1320,JENIČKA
1321,JENIFER
1322,JENKA
1323,JENNIFER
1324,JENNY
1325,JENOVEFA
1326,JENOVÉFA
1327,JEREMIÁŠ
1328,JEREMY
1329,JERONYM
1330,JERONÝM
1331,JERRY
1332,JERZY
1333,JESICA
1334,JESIKA
1335,JESSICA
1336,JESSIKA
1337,JEVGENIJ
1338,JEVGENIJA
1339,JEVHEN
1340,JEVHENIJ
1341,JILJÍ
1342,JIM
1343,JIMMY
1344,JINDRA
1345,JINDŘICH
1346,JINDŘICHA
1347,JINDŘIŠKA
1348,JIRKA
1349,JIŘINA
1350,JIŘINKA
1351,JIŘÍ
1352,JIŘÍK
1353,JITKA
1354,JITŘENA
1355,JITŘENKA
1356,JITUŠKA
1357,JOACHIM
1358,JOANNA
1359,JOE
1360,JOEL
1361,JOHAN
1362,JOHANA
1363,JOHANKA
1364,JOHANN
1365,JOHANNA
1366,JOHANNES
1367,JOHN
1368,JOHNNY
1369,JOLANA
1370,JOLANDA
1371,JOLANKA
1372,JOLANTA
1373,JON
1374,JONAS
1375,JONATAN
1376,JONATÁN
1377,JONATHAN
1378,JONÁŠ
1379,JORDAN
1380,JORDANA
1381,JORDANKA
1382,JORDÁN
1383,JORGA
1384,JORGE
1385,JORGOS
1386,JORIK
1387,JORIKA
1388,JOSE
1389,JOSEF
1390,JOSEFA
1391,JOSEFINA
1392,JOSEFÍNA
1393,JOSEFKA
1394,JOSEPH
1395,JOSEPHINE
1396,JOSÉ
1397,JOSH
1398,JOSHUA
1399,JOSIP
1400,JOVAN
1401,JOVANA
1402,JOVANKA
1403,JOZEF
1404,JOZEFA
1405,JOZEFINA
1406,JOZEFÍNA
1407,JOŽKA
1408,JÓZEF
1409,JÓZEFA
1410,JUAN
1411,JUDIT
1412,JUDITA
1413,JUDITH
1414,JULIA
1415,JULIAN
1416,JULIANA
1417,JULIANNA
1418,JULIÁN
1419,JULIÁNA
1420,JULIE
1421,JULIEN
1422,JULIET
1423,JULIETA
1424,JULIETTE
1425,JULIJA
1426,JULIO
1427,JULIUS
1428,JURA
1429,JURAJ
1430,JURIJ
1431,JURINA
1432,JUSTIN
1433,JUSTINA
1434,JUSTINE
1435,JUSTÍN
1436,JUSTÍNA
1437,JUSTYNA
1438,JUSTÝNA
1439,JUTA
1440,JUTTA
1441,JÚLIA
1442,JÚLIANA
1443,JÚLIE
1444,JÚLIUS
1445,JŮLIE
1446,JÜRGEN
1447,KAI
1448,KAJA
1449,KAJETÁN
1450,KAJETÁNA
1451,KALINA
1452,KALMAN
1453,KAMAL
1454,KAMEL
1455,KAMIL
1456,KAMILA
1457,KAMILLA
1458,KAREL
1459,KAREN
1460,KARIM
1461,KARIN
1462,KARINA
1463,KARINE
1464,KARÍM
1465,KARÍNA
1466,KARL
1467,KARLA
1468,KARLHEINZ
1469,KARMELA
1470,KARMEN
1471,KAROL
1472,KAROLA
1473,KAROLINA
1474,KAROLINE
1475,KAROLÍNA
1476,KAŠPAR
1477,KATALIN
1478,KATARINA
1479,KATARÍNA
1480,KATARZYNA
1481,KATE
1482,KATERINA
1483,KATERYNA
1484,KATEŘINA
1485,KATHARINA
1486,KATHERINE
1487,KATHRIN
1488,KATHRYN
1489,KATIA
1490,KATIE
1491,KATINA
1492,KATJA
1493,KATKA
1494,KATRIN
1495,KATRINA
1496,KATUŠE
1497,KATY
1498,KAYA
1499,KAYLA
1500,KAZI
1501,KAZIMIERA
1502,KAZIMIERZ
1503,KAZIMÍR
1504,KAZIMÍRA
1505,KELLY
1506,KEREN
1507,KERSTIN
1508,KETRIN
1509,KETTY
1510,KEVIN
1511,KHALED
1512,KHALID
1513,KIARA
1514,KILIAN
1515,KILIÁN
1516,KIM
1517,KIMBERLEY
1518,KIMBERLY
1519,KIRA
1520,KIRIL
1521,KIRILL
1522,KITTY
1523,KLARA
1524,KLAUDIA
1525,KLAUDIE
1526,KLAUS
1527,KLÁRA
1528,KLÁRKA
1529,KLEMENT
1530,KLEMENTINA
1531,KLEMENTÝNA
1532,KLEOPATRA
1533,KLIMENT
1534,KLOTILDA
1535,KLOTYLDA
1536,KOLETA
1537,KOLMAN
1538,KOLOMAN
1539,KONRAD
1540,KONRÁD
1541,KONSTANCIE
1542,KONSTANTIN
1543,KONSTANTINA
1544,KONSTANTINOS
1545,KONŠTANTÍN
1546,KORDULA
1547,KORINA
1548,KORNEL
1549,KORNELIA
1550,KORNELIE
1551,KORNÉLIA
1552,KORNÉLIE
1553,KOSMA
1554,KOSTA
1555,KOSTAS
1556,KRASIMIR
1557,KRISTA
1558,KRISTIAN
1559,KRISTIANA
1560,KRISTIÁN
1561,KRISTIÁNA
1562,KRISTIN
1563,KRISTINA
1564,KRISTINE
1565,KRISTÍNA
1566,KRISTOFER
1567,KRISTYNA
1568,KRISTÝNA
1569,KRIŠTOF
1570,KRYSTIAN
1571,KRYSTYNA
1572,KRYSTÝNA
1573,KRYŠPÍN
1574,KRYŠTOF
1575,KRZYSZTOF
1576,KSENIA
1577,KSENIJA
1578,KUBA
1579,KURT
1580,KVETA
1581,KVETOSLAV
1582,KVETOSLAVA
1583,KVĚTA
1584,KVĚTOMILA
1585,KVĚTOSLAV
1586,KVĚTOSLAVA
1587,KVĚTUŠE
1588,KVĚTUŠKA
1589,KVIDO
1590,KYLE
1591,KYLIE
1592,LADA
1593,LADĚNA
1594,LADISLAV
1595,LADISLAVA
1596,LAETITIA
1597,LAILA
1598,LAJLA
1599,LAM
1600,LAMBERT
1601,LAN
1602,LANA
1603,LARA
1604,LARISA
1605,LARISSA
1606,LARS
1607,LARYSA
1608,LAURA
1609,LAUREN
1610,LAURENCIE
1611,LAYLA
1612,LÁSZLÓ
1613,LEA
1614,LEAH
1615,LEANDER
1616,LECH
1617,LEILA
1618,LEJLA
1619,LENA
1620,LENI
1621,LENKA
1622,LENNY
1623,LEO
1624,LEOKADIA
1625,LEOKADIE
1626,LEON
1627,LEONA
1628,LEONARD
1629,LEONARDA
1630,LEONARDO
1631,LEONHARD
1632,LEONI
1633,LEONID
1634,LEONIDA
1635,LEONIDAS
1636,LEONIE
1637,LEONKA
1638,LEONORA
1639,LEONTIN
1640,LEONTINA
1641,LEONTÍNA
1642,LEONTÝNA
1643,LEOPOLD
1644,LEOPOLDA
1645,LEOPOLDINA
1646,LEOŠ
1647,LESANA
1648,LESJA
1649,LESZEK
1650,LEŠEK
1651,LETICIA
1652,LETICIE
1653,LETIZIA
1654,LEV
1655,LEVON
1656,LEXA
1657,LEYLA
1658,LÉNA
1659,LIA
1660,LIAM
1661,LIANA
1662,LIANE
1663,LIAT
1664,LIÁNA
1665,LIBĚNA
1666,LIBOR
1667,LIBORA
1668,LIBOSLAV
1669,LIBOSLAVA
1670,LIBUŠA
1671,LIBUŠE
1672,LIBUŠKA
1673,LIDA
1674,LIDIA
1675,LIDIE
1676,LIDIJA
1677,LIDKA
1678,LIDMILA
1679,LIDUŠE
1680,LIDUŠKA
1681,LIDYE
1682,LIESELOTTE
1683,LILA
1684,LILI
1685,LILIA
1686,LILIAN
1687,LILIANA
1688,LILIANE
1689,LILIANNA
1690,LILIÁNA
1691,LILIE
1692,LILIEN
1693,LILIJA
1694,LILIT
1695,LILITH
1696,LILLA
1697,LILLI
1698,LILLIAN
1699,LILLY
1700,LILY
1701,LINA
1702,LINDA
1703,LINH
1704,LINHART
1705,LIONEL
1706,LIOR
1707,LISA
1708,LISELOTTE
1709,LIVIA
1710,LIVIE
1711,LIZA
1712,LÍDA
1713,LÍDIA
1714,LÍVIA
1715,LJILJANA
1716,LJUBA
1717,LJUBEN
1718,LJUBICA
1719,LJUBOMIR
1720,LJUBOMÍR
1721,LJUBOV
1722,LJUDMILA
1723,LJUDMYLA
1724,LOAN
1725,LOLA
1726,LOLITA
1727,LONG
1728,LONGIN
1729,LORA
1730,LOREN
1731,LORENA
1732,LORENZO
1733,LORETA
1734,LOTA
1735,LOTHAR
1736,LOTKA
1737,LOTTA
1738,LOTTE
1739,LOUIS
1740,LOUISA
1741,LOUISE
1742,LUAN
1743,LUBA
1744,LUBĚNA
1745,LUBICA
1746,LUBISLAVA
1747,LUBOMIL
1748,LUBOMÍR
1749,LUBOMÍRA
1750,LUBOR
1751,LUBOSLAV
1752,LUBOŠ
1753,LUCA
1754,LUCAS
1755,LUCIA
1756,LUCIAN
1757,LUCIANA
1758,LUCIANO
1759,LUCIÁN
1760,LUCIÁNA
1761,LUCIE
1762,LUCIEN
1763,LUCÍA
1764,LUCY
1765,LUCYNA
1766,LUDEVIT
1767,LUDEVÍT
1768,LUDĚK
1769,LUDĚNKA
1770,LUDISLAVA
1771,LUDIŠE
1772,LUDMILA
1773,LUDOMÍR
1774,LUDOSLAVA
1775,LUDOVIT
1776,LUDOVÍT
1777,LUDVIK
1778,LUDVIKA
1779,LUDVÍK
1780,LUDVÍKA
1781,LUĎA
1782,LUĎKA
1783,LUIGI
1784,LUIS
1785,LUISA
1786,LUISE
1787,LUIZA
1788,LUJZA
1789,LUKA
1790,LUKAS
1791,LUKÁŠ
1792,LUKE
1793,LUKRÉCIE
1794,LUMÍR
1795,LUMÍRA
1796,LUNA
1797,LUSINE
1798,LYDIA
1799,LYDIE
1800,LÝDIA
1801,LÝDIE
1802,ĹUBICA
1803,ĹUBOMÍR
1804,ĹUBOMÍRA
1805,ĹUBOŠ
1806,ĹUDMILA
1807,ĹUDOVIT
1808,ĹUDOVÍT
1809,ĽUBA
1810,ĽUBICA
1811,ĽUBOMÍR
1812,ĽUBOMÍRA
1813,ĽUBOR
1814,ĽUBOSLAV
1815,ĽUBOSLAVA
1816,ĽUBOŠ
1817,ĽUBOV
1818,ĽUBUŠA
1819,ĽUDEVIT
1820,ĽUDEVÍT
1821,ĽUDMILA
1822,ĽUDOVIT
1823,ĽUDOVÍT
1824,ŁUKASZ
1825,MACIEJ
1826,MADALENA
1827,MADELEINE
1828,MADELINE
1829,MADLA
1830,MADLEN
1831,MADLENA
1832,MAGDA
1833,MAGDALENA
1834,MAGDALÉNA
1835,MAGDALINA
1836,MAHMOUD
1837,MAHULENA
1838,MAI
1839,MAIA
1840,MAIK
1841,MAJA
1842,MAJDALENA
1843,MAJKA
1844,MAKSIM
1845,MAKSYM
1846,MALGORZATA
1847,MALIKA
1848,MALVINA
1849,MALVÍNA
1850,MAŁGORZATA
1851,MANFRED
1852,MANFRÉD
1853,MANON
1854,MANUEL
1855,MANUELA
1856,MARA
1857,MARC
1858,MARCEL
1859,MARCELA
1860,MARCELINA
1861,MARCELÍNA
1862,MARCELKA
1863,MARCELLA
1864,MARCELLO
1865,MARCELO
1866,MARCIN
1867,MARCO
1868,MARCOS
1869,MARCUS
1870,MAREK
1871,MARGARET
1872,MARGARETA
1873,MARGARETE
1874,MARGARETHA
1875,MARGARÉTA
1876,MARGARITA
1877,MARGIT
1878,MARGITA
1879,MARGOT
1880,MARIA
1881,MARIAM
1882,MARIAN
1883,MARIANA
1884,MARIANNA
1885,MARIANNE
1886,MARIÁN
1887,MARICA
1888,MARIE
1889,MARIE-ANNA
1890,MARIE-MAGDALENA
1891,MARIELA
1892,MARIETA
1893,MARIETTA
1894,MARIJA
1895,MARIJAN
1896,MARIJANA
1897,MARIKA
1898,MARILYN
1899,MARIN
1900,MARINA
1901,MARIO
1902,MARIOLA
1903,MARION
1904,MARISA
1905,MARITA
1906,MARIUS
1907,MARIUSZ
1908,MARÍA
1909,MARÍNA
1910,MARJA
1911,MARJAN
1912,MARJANA
1913,MARK
1914,MARKETA
1915,MARKÉTA
1916,MARKO
1917,MARKOS
1918,MARKUS
1919,MARLEN
1920,MARLENA
1921,MARLENE
1922,MAROŠ
1923,MARTA
1924,MARTHA
1925,MARTIN
1926,MARTINA
1927,MARUŠE
1928,MARUŠKA
1929,MARVIN
1930,MARWAN
1931,MARY
1932,MARYAM
1933,MARYLA
1934,MARYNA
1935,MARYŠA
1936,MARYŠKA
1937,MAŘÍ
1938,MAŘÍ-MAGDALENA
1939,MASSIMO
1940,MATEJ
1941,MATEO
1942,MATEUSZ
1943,MATĚJ
1944,MATHIAS
1945,MATHIEU
1946,MATHILDA
1947,MATHIS
1948,MATHYAS
1949,MATIAS
1950,MATIÁŠ
1951,MATIJA
1952,MATILDA
1953,MATOUŠ
1954,MATTEO
1955,MATTHEW
1956,MATTHIAS
1957,MATTHIEU
1958,MATTI
1959,MATTIA
1960,MATTIAS
1961,MATTY
1962,MATUŠ
1963,MATÚŠ
1964,MATYAS
1965,MATYÁŠ
1966,MATYLDA
1967,MAURICIO
1968,MAURIZIO
1969,MAX
1970,MAXIÁN
1971,MAXIM
1972,MAXIME
1973,MAXIMILIAN
1974,MAXIMILIÁN
1975,MAXIMUS
1976,MAXMILIAN
1977,MAXMILIÁN
1978,MAY
1979,MAYA
1980,MÁJA
1981,MÁRIA
1982,MÁRIO
1983,MÁRTA
1984,MÁŠA
1985,MÁTYÁS
1986,MEČISLAV
1987,MEDA
1988,MEDARD
1989,MEDEA
1990,MEGAN
1991,MELANIA
1992,MELANIE
1993,MELANY
1994,MELÁNIA
1995,MELÁNIE
1996,MELICHAR
1997,MELINDA
1998,MELISA
1999,MELISSA
2000,MELITA
2001,MELITTA
2002,MELODY
2003,MERCEDES
2004,MERI
2005,MERIEM
2006,MERLIN
2007,MERYEM
2008,METOD
2009,METODĚJ
2010,METODĚJKA
2011,MĚČISLAV
2012,MIA
2013,MIGUEL
2014,MICHAEL
2015,MICHAELA
2016,MICHAIL
2017,MICHAL
2018,MICHALA
2019,MICHALINA
2020,MICHALIS
2021,MICHAŁ
2022,MICHEL
2023,MICHELA
2024,MICHELE
2025,MICHELLE
2026,MICHÉLE
2027,MIJA
2028,MIKA
2029,MIKAEL
2030,MIKE
2031,MIKEŠ
2032,MIKI
2033,MIKOLÁŠ
2034,MIKULÁŠ
2035,MIKY
2036,MILA
2037,MILADA
2038,MILAN
2039,MILANA
2040,MILÁN
2041,MILENA
2042,MILENKA
2043,MILEVA
2044,MILICA
2045,MILIČ
2046,MILINA
2047,MILIVOJ
2048,MILÍČ
2049,MILKA
2050,MILLY
2051,MILOŇ
2052,MILOSLAV
2053,MILOSLAVA
2054,MILOŠ
2055,MILOTA
2056,MILOUŠ
2057,MILUŠA
2058,MILUŠE
2059,MILUŠKA
2060,MINA
2061,MINH
2062,MIODRAG
2063,MIRA
2064,MIRAN
2065,MIRANDA
2066,MIREILLE
2067,MIREK
2068,MIRELA
2069,MIRIAM
2070,MIRIAMA
2071,MIRJAM
2072,MIRJANA
2073,MIRKA
2074,MIRKO
2075,MIRO
2076,MIRON
2077,MIRONA
2078,MIROSLAV
2079,MIROSLAVA
2080,MIROŠ
2081,MIRUŠKA
2082,MISHA
2083,MITKO
2084,MÍLA
2085,MÍNA
2086,MÍROSLAV
2087,MÍŠA
2088,MLADA
2089,MLADEN
2090,MOHAMAD
2091,MOHAMED
2092,MOHAMMAD
2093,MOHAMMED
2094,MOJMÍR
2095,MOJMÍRA
2096,MOLLY
2097,MONA
2098,MONICA
2099,MONIKA
2100,MORIS
2101,MORITZ
2102,MOURAD
2103,MSTISLAV
2104,MUSTAFA
2105,MYCHAJLO
2106,MYKOLA
2107,MYRA
2108,MYRIAM
2109,MYRON
2110,MYROSLAVA
2111,NABIL
2112,NADA
2113,NADAV
2114,NADEŽDA
2115,NADĚJE
2116,NADĚNA
2117,NADĚNKA
2118,NADĚŽDA
2119,NADIA
2120,NADIJA
2121,NADINE
2122,NADJA
2123,NAĎA
2124,NAM
2125,NANCY
2126,NAOMI
2127,NARCIS
2128,NARCISA
2129,NARCISKA
2130,NAREK
2131,NARINE
2132,NASŤA
2133,NATALI
2134,NATALIA
2135,NATALIE
2136,NATALIJA
2137,NATALJA
2138,NATALY
2139,NATAN
2140,NATANAEL
2141,NATANIEL
2142,NATASHA
2143,NATAŠA
2144,NATÁLIA
2145,NATÁLIE
2146,NATHALIA
2147,NATHALIE
2148,NATHALY
2149,NATHAN
2150,NATHANAEL
2151,NATHANIEL
2152,NAZAR
2153,NEKLAN
2154,NELA
2155,NELI
2156,NELJA
2157,NELL
2158,NELLA
2159,NELLI
2160,NELLIE
2161,NELLY
2162,NENAD
2163,NEO
2164,NEUVEDENO
2165,NEVENA
2166,NEVENKA
2167,NEZJIŠTĚNO
2168,NĚHOSLAVA
2169,NĚVA
2170,NGOC
2171,NICK
2172,NICKOLAS
2173,NICO
2174,NICOL
2175,NICOLA
2176,NICOLAS
2177,NICOLÁS
2178,NICOLE
2179,NICOLETA
2180,NICOLETTA
2181,NICOLETTE
2182,NICOLL
2183,NICOLLE
2184,NICOLO
2185,NIELS
2186,NICHOLAS
2187,NIK
2188,NIKA
2189,NIKÉ
2190,NIKI
2191,NIKITA
2192,NIKLAS
2193,NIKO
2194,NIKODÉM
2195,NIKOL
2196,NIKOLA
2197,NIKOLAJ
2198,NIKOLAOS
2199,NIKOLAS
2200,NIKOLETA
2201,NIKOLETTA
2202,NIKOLINA
2203,NIKOS
2204,NILA
2205,NINA
2206,NINO
2207,NIR
2208,NIVA
2209,NIZAR
2210,NOA
2211,NOAH
2212,NOAM
2213,NOE
2214,NOEL
2215,NOEMI
2216,NOÉMI
2217,NONA
2218,NONNA
2219,NORA
2220,NORBERT
2221,NORIKA
2222,NORMA
2223,NORMAN
2224,NOUR
2225,ODETA
2226,ODETTE
2227,ODON
2228,OKSANA
2229,OLA
2230,OLAF
2231,OLDRICH
2232,OLDŘICH
2233,OLDŘICHA
2234,OLDŘIŠKA
2235,OLEG
2236,OLEH
2237,OLEKSANDR
2238,OLEKSANDRA
2239,OLEKSIJ
2240,OLENA
2241,OLESJA
2242,OLGA
2243,OLHA
2244,OLIN
2245,OLINA
2246,OLINKA
2247,OLIVA
2248,OLIVER
2249,OLIVIA
2250,OLIVIE
2251,OLIVIER
2252,OLÍVIA
2253,OLÍVIE
2254,OLUŠA
2255,OLUŠE
2256,OLUŠKA
2257,OĹGA
2258,OĽGA
2259,OMAR
2260,OMER
2261,ONDRA
2262,ONDREJ
2263,ONDŘEJ
2264,ONDŘEJKA
2265,ONUR
2266,OR
2267,OREN
2268,ORI
2269,ORLANDO
2270,ORNELA
2271,ORNELLA
2272,OSCAR
2273,OSKAR
2274,OSKÁR
2275,OSMAN
2276,OSVALD
2277,OSWALD
2278,OTA
2279,OTAKAR
2280,OTAKARA
2281,OTILIA
2282,OTILIE
2283,OTÍLIA
2284,OTMAR
2285,OTO
2286,OTOKAR
2287,OTOMAR
2288,OTON
2289,OTTA
2290,OTTILIE
2291,OTTO
2292,OTTOKAR
2293,OTTOMAR
2294,OTYLIE
2295,OTÝLIE
2296,OXANA
2297,PABLO
2298,PALOMA
2299,PAMELA
2300,PANAJOTA
2301,PANAJOTIS
2302,PAOLA
2303,PAOLO
2304,PARASKA
2305,PARIS
2306,PASCAL
2307,PATRICIA
2308,PATRICIE
2309,PATRICIO
2310,PATRICK
2311,PATRIK
2312,PATRIKA
2313,PATRIZIA
2314,PATRÍCIA
2315,PATRYK
2316,PAUL
2317,PAULA
2318,PAULINA
2319,PAULINE
2320,PAULÍNA
2321,PAULO
2322,PAVEL
2323,PAVLA
2324,PAVLINA
2325,PAVLÍNA
2326,PAVLO
2327,PAVLOS
2328,PAVOL
2329,PAWEŁ
2330,PEDRO
2331,PELAGIA
2332,PENKA
2333,PERLA
2334,PERLUŠKA
2335,PETAR
2336,PETER
2337,PETKO
2338,PETR
2339,PETRA
2340,PETRANA
2341,PETRO
2342,PETROMILA
2343,PETRONELA
2344,PETRONILA
2345,PETROS
2346,PETRUŠE
2347,PETRUŠKA
2348,PĚVA
2349,PĚVUŠE
2350,PĚVUŠKA
2351,PHILIP
2352,PHILIPP
2353,PHILIPPE
2354,PHILLIP
2355,PHOEBE
2356,PHONG
2357,PHUONG
2358,PIERRE
2359,PIETRO
2360,PIOTR
2361,PIROSKA
2362,PIROŠKA
2363,POLINA
2364,PRAVDOMIL
2365,PRAVOMIL
2366,PRAVOMILA
2367,PRAVOSLAV
2368,PRAVOSLAVA
2369,PREDRAG
2370,PRISKA
2371,PRIŠKA
2372,PROKOP
2373,PŘEMEK
2374,PŘEMYSL
2375,PŘIBYSLAVA
2376,QUENTIN
2377,QUIDO
2378,RADAN
2379,RADANA
2380,RADEK
2381,RADIM
2382,RADIMA
2383,RADIMÍR
2384,RADISLAV
2385,RADISLAVA
2386,RADKA
2387,RADKO
2388,RADMIL
2389,RADMILA
2390,RADOMIL
2391,RADOMILA
2392,RADOMIR
2393,RADOMÍR
2394,RADOMÍRA
2395,RADOSLAV
2396,RADOSLAVA
2397,RADOŠ
2398,RADOVAN
2399,RADOVANA
2400,RADSLAV
2401,RADUŠE
2402,RADÚZ
2403,RADVAN
2404,RADVANA
2405,RAFAEL
2406,RAFAELA
2407,RACHEL
2408,RAIMUND
2409,RAINER
2410,RAISA
2411,RAJA
2412,RAJKO
2413,RAJMUND
2414,RALF
2415,RALPH
2416,RAMI
2417,RAMON
2418,RAMONA
2419,RAMÓN
2420,RAN
2421,RANIA
2422,RAPHAEL
2423,RASTISLAV
2424,RATIBOR
2425,RATISLAV
2426,RAUL
2427,RAYAN
2428,RAYEN
2429,RAYMOND
2430,RÁCHEL
2431,REA
2432,REBECA
2433,REBECCA
2434,REBEKA
2435,REGINA
2436,REGÍNA
2437,REINER
2438,REINHARD
2439,REINHOLD
2440,REMIGIUS
2441,RENA
2442,RENATA
2443,RENATE
2444,RENATO
2445,RENÁTA
2446,RENE
2447,RENÉ
2448,RENÉE
2449,RENNÉ
2450,RIA
2451,RIAD
2452,RIANA
2453,RIBANA
2454,RICARDO
2455,RICCARDO
2456,RICKY
2457,RICHARD
2458,RIMMA
2459,RINA
2460,RISTO
2461,RITA
2462,RIVKA
2463,ROBERT
2464,ROBERTA
2465,ROBERTO
2466,ROBIN
2467,ROBINA
2468,RODAN
2469,RODERIK
2470,RODRIGO
2471,ROGER
2472,ROLAND
2473,ROLANDO
2474,ROLF
2475,ROMAN
2476,ROMANA
2477,ROMANKA
2478,ROMEO
2479,ROMUALD
2480,ROMY
2481,RON
2482,RONALD
2483,RONALDO
2484,RONI
2485,RONJA
2486,RONNY
2487,ROSA
2488,ROSALIA
2489,ROSALIE
2490,ROSALINDA
2491,ROSANA
2492,ROSARIE
2493,ROSÁLIE
2494,ROSE
2495,ROSEMARIE
2496,ROSINA
2497,ROSITA
2498,ROSMARIE
2499,ROSTISLAV
2500,ROSTISLAVA
2501,ROSVITA
2502,ROSWITA
2503,ROSWITHA
2504,ROTEM
2505,ROXANA
2506,ROY
2507,ROZA
2508,ROZALIA
2509,ROZALIE
2510,ROZÁLIA
2511,ROZÁLIE
2512,ROZÁRIE
2513,ROZÁRKA
2514,ROZINA
2515,ROZITA
2516,ROZVITA
2517,RÓBERT
2518,RÓZA
2519,RUBEN
2520,RUBY
2521,RUDOLF
2522,RUDOLFA
2523,RUDOLFINA
2524,RUDOLFÍNA
2525,RUMJANA
2526,RUPERT
2527,RUSLAN
2528,RUSLANA
2529,RUT
2530,RUTH
2531,RUZANNA
2532,RUŽENA
2533,RÚT
2534,RŮŽENA
2535,RŮŽENKA
2536,RYAN
2537,RYSZARD
2538,ŘEHOŘ
2539,SABINA
2540,SABINE
2541,SABÍNA
2542,SABRI
2543,SABRINA
2544,SAFIA
2545,SAGI
2546,SAID
2547,SAJMON
2548,SALAH
2549,SALIM
2550,SALLY
2551,SALMA
2552,SALOME
2553,SALVATORE
2554,SAM
2555,SAMAEL
2556,SAMANTA
2557,SAMANTHA
2558,SAMAR
2559,SAMER
2560,SAMI
2561,SAMIR
2562,SAMIRA
2563,SAMÍR
2564,SAMMY
2565,SAMUEL
2566,SAMUELA
2567,SAMUELE
2568,SAMY
2569,SANDRA
2570,SANDRO
2571,SANDY
2572,SANELA
2573,SANJA
2574,SANTIAGO
2575,SANTINO
2576,SARA
2577,SARAH
2578,SARGIS
2579,SASHA
2580,SASKIA
2581,SASKIE
2582,SAŠA
2583,SAUL
2584,SÁMER
2585,SÁNDOR
2586,SÁRA
2587,SÁŠA
2588,SÁVA
2589,SCARLET
2590,SCARLETT
2591,SEAN
2592,SEBASTIAN
2593,SEBASTIANO
2594,SEBASTIÁN
2595,SEBASTIEN
2596,SEDRIK
2597,SELENA
2598,SELINA
2599,SELMA
2600,SEMI
2601,SEMIR
2602,SENTA
2603,SERAFINA
2604,SERAFÍN
2605,SERAFÍNA
2606,SERENA
2607,SERGEJ
2608,SERGIO
2609,SERGIU
2610,SERHIJ
2611,SEVERIN
2612,SÉBASTIEN
2613,SHANE
2614,SHARON
2615,SHEILA
2616,SHIRIN
2617,SIBYLA
2618,SIDNEY
2619,SIDONIA
2620,SIDONIE
2621,SIDÓNIA
2622,SIEGFRIED
2623,SIEGLINDA
2624,SIEGLINDE
2625,SIEGRID
2626,SIGRID
2627,SILVA
2628,SILVAN
2629,SILVANA
2630,SILVESTER
2631,SILVESTR
2632,SILVESTRA
2633,SILVIA
2634,SILVIE
2635,SILVIO
2636,SIMEON
2637,SIMEONA
2638,SIMON
2639,SIMONA
2640,SIMONE
2641,SINDY
2642,SISSI
2643,SKARLET
2644,SLAVA
2645,SLAVĚNA
2646,SLAVIBOR
2647,SLAVICA
2648,SLAVKA
2649,SLAVKO
2650,SLAVOJ
2651,SLAVOMIL
2652,SLAVOMILA
2653,SLAVOMÍR
2654,SLAVOMÍRA
2655,SLÁVA
2656,SLÁVEK
2657,SLÁVINKA
2658,SLÁVKA
2659,SLOBODAN
2660,SNĚŽANA
2661,SNIŽANA
2662,SOBĚSLAV
2663,SOFIA
2664,SOFIAN
2665,SOFIE
2666,SOFIJA
2667,SOFÍA
2668,SON
2669,SONA
2670,SONIA
2671,SONJA
2672,SOŇA
2673,SOPHIA
2674,SOPHIE
2675,SPIROS
2676,STANISLAV
2677,STANISLAVA
2678,STANISŁAW
2679,STANISŁAWA
2680,STANLEY
2681,STAŠA
2682,STATIS
2683,STAVROS
2684,STAVRULA
2685,STÁŇA
2686,STÁZA
2687,STEFAN
2688,STEFANI
2689,STEFANIA
2690,STEFANIE
2691,STEFANO
2692,STEFANOS
2693,STELA
2694,STELLA
2695,STEPAN
2696,STEPHAN
2697,STEPHANIE
2698,STERIANI
2699,STERIOS
2700,STEVAN
2701,STEVE
2702,STEVEN
2703,STOJAN
2704,SUSAN
2705,SUSANA
2706,SUSANNA
2707,SUSANNE
2708,SUZAN
2709,SUZANA
2710,SUZANNE
2711,SVATA
2712,SVATAVA
2713,SVATOBOR
2714,SVATOMÍR
2715,SVATOMÍRA
2716,SVATOPLUK
2717,SVATOSLAV
2718,SVATOSLAVA
2719,SVATOŠ
2720,SVATUŠE
2721,SVATUŠKA
2722,SVEN
2723,SVETLANA
2724,SVETOZAR
2725,SVETOZÁR
2726,SVĚTLA
2727,SVĚTLANA
2728,SVĚTLUŠE
2729,SVĚTLUŠKA
2730,SVĚTOSLAVA
2731,SVITLANA
2732,SVJATOSLAV
2733,SYLVA
2734,SYLVESTR
2735,SYLVESTRA
2736,SYLVIA
2737,SYLVIE
2738,SYLWIA
2739,SZYMON
2740,ŠANEL
2741,ŠARLOTA
2742,ŠÁRKA
2743,ŠEBESTIÁN
2744,ŠIMON
2745,ŠIMONA
2746,ŠTEFAN
2747,ŠTEFANA
2748,ŠTEFANIA
2749,ŠTEFANIE
2750,ŠTEFANKA
2751,ŠTEFÁN
2752,ŠTEFÁNIA
2753,ŠTEFÁNIE
2754,ŠTĚPÁN
2755,ŠTĚPÁNA
2756,ŠTĚPÁNKA
2757,TABITA
2758,TADEÁŠ
2759,TADEUSZ
2760,TAISA
2761,TAISIJA
2762,TAL
2763,TALIA
2764,TAMAR
2765,TAMARA
2766,TAMER
2767,TANASIS
2768,TANIA
2769,TANJA
2770,TANYA
2771,TAŇA
2772,TARA
2773,TARAS
2774,TAREK
2775,TARIK
2776,TARJA
2777,TATIANA
2778,TATJANA
2779,TAŤANA
2780,TAŤÁNA
2781,TAŤJANA
2782,TAŤJÁNA
2783,TAYLOR
2784,TÁŇA
2785,TÁRIK
2786,TEA
2787,TED
2788,TEKLA
2789,TEO
2790,TEODOR
2791,TEODORA
2792,TEOFIL
2793,TERESA
2794,TERESIE
2795,TEREZA
2796,TEREZIA
2797,TEREZIE
2798,TERÉZIA
2799,TESSA
2800,TETJANA
2801,TEŤANA
2802,THANG
2803,THANH
2804,THEA
2805,THEO
2806,THEODOR
2807,THEODORA
2808,THEODORE
2809,THEODOROS
2810,THERESA
2811,THERESIA
2812,THOBIAS
2813,THOMAS
2814,THU
2815,THUY
2816,TIBOR
2817,TIEN
2818,TIEP
2819,TIFFANY
2820,TIGRAN
2821,TICHOMÍR
2822,TIM
2823,TIMEA
2824,TIMMY
2825,TIMO
2826,TIMON
2827,TIMOTEI
2828,TIMOTEJ
2829,TIMOTEUS
2830,TIMOTHEUS
2831,TIMOTHY
2832,TIMUR
2833,TINA
2834,TÍMEA
2835,TOAN
2836,TOBIAS
2837,TOBIÁŠ
2838,TOBY
2839,TODOR
2840,TOM
2841,TOMAS
2842,TOMASZ
2843,TOMAŠ
2844,TOMÁS
2845,TOMÁŠ
2846,TOMER
2847,TOMI
2848,TOMISLAV
2849,TOMMASO
2850,TOMMY
2851,TONI
2852,TONIČKA
2853,TONY
2854,TORSTEN
2855,TRACY
2856,TRANG
2857,TRISTAN
2858,TRUNG
2859,TUAN
2860,TUNG
2861,TÝNA
2862,UDO
2863,ULJANA
2864,ULRIKA
2865,URBAN
2866,URI
2867,URSULA
2868,URSZULA
2869,URŠULA
2870,UTA
2871,UTE
2872,UWE
2873,VADIM
2874,VADYM
2875,VALBURGA
2876,VALDEMAR
2877,VALENT
2878,VALENTIN
2879,VALENTINA
2880,VALENTINO
2881,VALENTÍN
2882,VALENTÍNA
2883,VALENTYNA
2884,VALENTÝN
2885,VALENTÝNA
2886,VALERIA
2887,VALERIAN
2888,VALERIÁN
2889,VALERIE
2890,VALERIJ
2891,VALERIJA
2892,VALERIO
2893,VALERY
2894,VALÉRIA
2895,VALÉRIE
2896,VALJA
2897,VALTER
2898,VALTR
2899,VALTRAUD
2900,VALTRAUDA
2901,VANDA
2902,VANESA
2903,VANESSA
2904,VANGELIS
2905,VARVARA
2906,VASIL
2907,VASILE
2908,VASILEIOS
2909,VASILIJ
2910,VASILIKI
2911,VASILINA
2912,VASILIOS
2913,VASILIS
2914,VASILISA
2915,VASILKA
2916,VASIĹ
2917,VASIĽ
2918,VASYL
2919,VASYLYNA
2920,VAVRINEC
2921,VAVŘINEC
2922,VAVŘÍN
2923,VAZIL
2924,VÁCLAV
2925,VÁCLAVA
2926,VÁCLAVKA
2927,VELEN
2928,VELESLAV
2929,VENDELÍN
2930,VENDULA
2931,VENDULKA
2932,VENETA
2933,VENUŠE
2934,VENUŠKA
2935,VERA
2936,VERNER
2937,VERONA
2938,VERONICA
2939,VERONIKA
2940,VESELIN
2941,VESNA
2942,VÉRONIQUE
2943,VĚDA
2944,VĚDUNKA
2945,VĚKOSLAV
2946,VĚNCESLAV
2947,VĚNCESLAVA
2948,VĚNEK
2949,VĚNĚK
2950,VĚNKA
2951,VĚRA
2952,VĚRKA
2953,VĚROSLAV
2954,VĚROSLAVA
2955,VĚRUŠKA
2956,VĚSLAV
2957,VĚSLAVA
2958,VICTOR
2959,VICTORIA
2960,VICTORIE
2961,VIERA
2962,VIET
2963,VIKTOR
2964,VIKTORIA
2965,VIKTORIE
2966,VIKTORIJA
2967,VIKTORIN
2968,VIKTORKA
2969,VIKTÓRIA
2970,VILEMINA
2971,VILEMÍNA
2972,VILÉM
2973,VILÉMA
2974,VILIAM
2975,VILIBALD
2976,VILMA
2977,VILUŠE
2978,VILUŠKA
2979,VINCENC
2980,VINCENCIA
2981,VINCENCIE
2982,VINCENT
2983,VINTÍŘ
2984,VIOLA
2985,VIOLET
2986,VIOLETA
2987,VIOLETTA
2988,VIRA
2989,VIRGINIA
2990,VIRGINIE
2991,VITA
2992,VITALIJ
2993,VITALIJA
2994,VITĚZSLAV
2995,VITO
2996,VITOLD
2997,VITTORIA
2998,VITTORIO
2999,VIVIAN
3000,VIVIANA
3001,VIVIEN
3002,VIVIENNE
3003,VÍT
3004,VÍTA
3005,VÍTEK
3006,VÍTĚSLAV
3007,VÍTĚZSLAV
3008,VÍTĚZSLAVA
3009,VJAČESLAV
3010,VLADA
3011,VLADAN
3012,VLADANA
3013,VLADEK
3014,VLADĚNA
3015,VLADIMIR
3016,VLADIMÍR
3017,VLADIMÍRA
3018,VLADISLAV
3019,VLADISLAVA
3020,VLADIVOJ
3021,VLADKA
3022,VLADKO
3023,VLADO
3024,VLADYSLAV
3025,VLAĎKA
3026,VLASTA
3027,VLASTIBOR
3028,VLASTIMIL
3029,VLASTIMILA
3030,VLASTIMÍR
3031,VLASTIMÍRA
3032,VLASTISLAV
3033,VLASTISLAVA
3034,VNISLAV
3035,VOJEN
3036,VOJMÍR
3037,VOJSLAV
3038,VOJTA
3039,VOJTECH
3040,VOJTĚCH
3041,VOJTĚCHA
3042,VOJTĚŠKA
3043,VOLFGANG
3044,VOLODYMYR
3045,VORŠILA
3046,VRATISLAV
3047,VRATISLAVA
3048,VUK
3049,WALBURGA
3050,WALDEMAR
3051,WALID
3052,WALTER
3053,WALTRAUD
3054,WALTRAUDA
3055,WALTRAUT
3056,WANDA
3057,WENDY
3058,WERNER
3059,WERONIKA
3060,WIESLAW
3061,WIESLAWA
3062,WIESŁAW
3063,WIESŁAWA
3064,WIKTOR
3065,WIKTORIA
3066,WILFRIED
3067,WILHELM
3068,WILIAM
3069,WILIBALD
3070,WILLI
3071,WILLIAM
3072,WILLIBALD
3073,WILLY
3074,WILMA
3075,WITOLD
3076,WLADYSLAW
3077,WŁADYSŁAW
3078,WŁADYSŁAWA
3079,WOJCIECH
3080,WOLFGANG
3081,XAVER
3082,XAVIER
3083,XENIA
3084,XENIE
3085,XÉNIA
3086,YAEL
3087,YAN
3088,YANA
3089,YANIS
3090,YANN
3091,YANNICK
3092,YASEMIN
3093,YASIN
3094,YASMIN
3095,YASMINA
3096,YASMINE
3097,YASSINE
3098,YLONA
3099,YOAV
3100,YOUSEF
3101,YOUSSEF
3102,YUSUF
3103,YUVAL
3104,YVETA
3105,YVETTA
3106,YVETTE
3107,YVONA
3108,YVONNA
3109,YVONNE
3110,YWETA
3111,YWETTA
3112,ZACK
3113,ZACHARIÁŠ
3114,ZACHARY
3115,ZAIRA
3116,ZARA
3117,ZÁBOJ
3118,ZÁVIŠ
3119,ZBIGNĚV
3120,ZBIGNIEW
3121,ZBISLAV
3122,ZBYGNIEW
3123,ZBYHNĚV
3124,ZBYNĚK
3125,ZBYŇKA
3126,ZBYSLAV
3127,ZBYSZEK
3128,ZBYŠEK
3129,ZDENA
3130,ZDENEK
3131,ZDENĚK
3132,ZDENIČKA
3133,ZDENKA
3134,ZDENKO
3135,ZDENO
3136,ZDEŇA
3137,ZDEŇEK
3138,ZDEŇKA
3139,ZDĚNA
3140,ZDĚNEK
3141,ZDĚNKA
3142,ZDIRAD
3143,ZDISLAV
3144,ZDISLAVA
3145,ZDRAVKO
3146,ZENO
3147,ZENON
3148,ZIAD
3149,ZIKMUND
3150,ZINA
3151,ZINAIDA
3152,ZITA
3153,ZLATA
3154,ZLATAVA
3155,ZLATICA
3156,ZLATICE
3157,ZLATKA
3158,ZLATKO
3159,ZLATOMÍR
3160,ZLATOMÍRA
3161,ZLATOSLAVA
3162,ZLATUŠE
3163,ZLATUŠKA
3164,ZOE
3165,ZOÉ
3166,ZOFIA
3167,ZOI
3168,ZOJA
3169,ZOLTAN
3170,ZOLTÁN
3171,ZORA
3172,ZORAN
3173,ZORICA
3174,ZORKA
3175,ZSOLT
3176,ZUZANA
3177,ZUZANKA
3178,ZUZANNA
3179,ZUZKA
3180,ZVI
3181,ZVONIMÍR
3182,ŽAKELÍNA
3183,ŽANET
3184,ŽANETA
3185,ŽANNA
3186,ŽELMÍRA
3187,ŽEŇA
3188,ŽIGMUND
3189,ŽIVA
3190,ŽIVAN
3191,ŽIVANA
3192,ŽIVKO
3193,ŽOFIA
3194,ŽOFIE
